{
  "project_info": {
    "project_number": "398940232190",
    "project_id": "project-akhir-bd835",
    "storage_bucket": "project-akhir-bd835.appspot.com"
  },
  "client": [
    {
      "client_info": {
        "mobilesdk_app_id": "1:398940232190:android:fbfb756c846902e94708af",
        "android_client_info": {
          "package_name": "com.ta.projectakhir"
        }
      },
      "oauth_client": [],
      "api_key": [
        {
          "current_key": "AIzaSyDRxPs1v4PKtDSkyBPWW33kmBTRrFpbwY4"
        }
      ],
      "services": {
        "appinvite_service": {
          "other_platform_oauth_client": []
        }
      }
    }
  ],
  "configuration_version": "1"
}